{
    "productions": {
        "array_decl": "type identifier [ number ]",
        "array_assign": "identifier [ expr ] = expr",
        "expr": "expr + term | expr - term | term",
        "term": "term * factor | term / factor | factor",
        "factor": "number | identifier | ( expr )"
    },
    "terminals": {
        "type": [
            "int",
            "float",
            "char"
        ],
        "number": "[0-9]+",
        "identifier": "[a-zA-Z_][a-zA-Z0-9_]*",
        "operators": [
            "+",
            "-",
            "*",
            "/",
            "="
        ],
        "brackets": [
            "[",
            "]"
        ]
    }
}